,Rk,Player_ID,YR,Player,Pos,Age,Tm,G,GS,MP,FG,FGA,FG%,3P,3PA,3P%,2P,2PA,2P%,eFG%,FT,FTA,FT%,ORB,DRB,TRB,AST,STL,BLK,TOV,PF,PTS,GMSCR
3,4,adamsst01,2018,Steven Adams,C,25,OKC,80,80,33.4,6.0,10.1,0.595,0.0,0.0,0.0,6.0,10.1,0.596,0.595,1.8,3.7,0.5,4.9,4.6,9.5,1.6,1.5,1.0,1.7,2.6,13.9,11.62
4,5,adebaba01,2018,Bam Adebayo,C,21,MIA,82,28,23.3,3.4,5.9,0.576,0.0,0.2,0.2,3.4,5.7,0.588,0.579,2.0,2.8,0.735,2.0,5.3,7.3,2.2,0.9,0.8,1.5,2.5,8.9,7.21
7,8,aldrila01,2018,LaMarcus Aldridge,C,33,SAS,81,81,33.2,8.4,16.3,0.519,0.1,0.5,0.238,8.3,15.8,0.528,0.522,4.3,5.1,0.847,3.1,6.1,9.2,2.4,0.5,1.3,1.8,2.2,21.3,13.33
10,11,allenja01,2018,Jarrett Allen,C,20,BRK,80,80,26.2,4.2,7.1,0.59,0.1,0.6,0.133,4.1,6.5,0.629,0.595,2.5,3.5,0.709,2.4,6.0,8.4,1.4,0.5,1.5,1.3,2.3,10.9,8.54
12,13,aminual01,2018,Al-Farouq Aminu,PF,28,POR,81,81,28.3,3.2,7.3,0.433,1.2,3.5,0.343,2.0,3.9,0.514,0.514,1.9,2.1,0.867,1.4,6.1,7.5,1.3,0.8,0.4,0.9,1.8,9.4,5.96
13,14,anderju01,2018,Justin Anderson,SF,25,ATL,48,4,9.6,1.3,3.3,0.408,0.5,1.6,0.312,0.8,1.7,0.5,0.484,0.5,0.7,0.743,0.5,1.3,1.8,0.5,0.5,0.3,0.5,1.0,3.7,2.24
19,18,antetgi01,2018,Giannis Antetokounmpo,PF,24,MIL,72,72,32.8,10.0,17.3,0.578,0.7,2.8,0.256,9.3,14.5,0.641,0.599,6.9,9.5,0.729,2.2,10.3,12.5,5.9,1.3,1.5,3.7,3.2,27.7,17.33
22,21,anunoog01,2018,OG Anunoby,SF,21,TOR,67,6,20.2,2.7,6.0,0.453,1.0,3.0,0.332,1.7,3.0,0.574,0.536,0.5,0.9,0.581,0.9,2.1,2.9,0.7,0.7,0.3,0.8,2.1,7.0,4.69
23,22,arcidry01,2018,Ryan Arcidiacono,PG,24,CHI,81,32,24.2,2.3,5.2,0.447,1.0,2.7,0.373,1.3,2.5,0.527,0.544,1.1,1.3,0.873,0.3,2.4,2.7,3.3,0.8,0.0,0.8,2.1,6.7,5.58
27,24,augusdj01,2018,D.J. Augustin,PG,31,ORL,81,81,28.0,3.9,8.4,0.47,1.6,3.8,0.421,2.3,4.5,0.511,0.566,2.2,2.6,0.866,0.5,2.0,2.5,5.3,0.6,0.0,1.6,1.4,11.7,8.48
28,25,aytonde01,2018,Deandre Ayton,C,20,PHO,71,70,30.7,7.2,12.3,0.585,0.0,0.1,0.0,7.2,12.2,0.588,0.585,2.0,2.7,0.746,3.1,7.1,10.3,1.8,0.9,0.9,1.8,2.9,16.3,12.11
30,27,baglema01,2018,Marvin Bagley III,PF,19,SAC,62,4,25.3,5.7,11.4,0.504,0.5,1.5,0.313,5.3,9.8,0.534,0.525,2.9,4.2,0.691,2.6,5.0,7.6,1.0,0.5,1.0,1.6,1.9,14.9,8.74
35,30,balllo01,2018,Lonzo Ball,PG,21,LAL,47,45,30.3,3.9,9.7,0.406,1.6,4.9,0.329,2.3,4.9,0.482,0.488,0.4,1.0,0.417,1.1,4.2,5.3,5.4,1.5,0.4,2.2,2.4,9.9,7.7
36,31,bambamo01,2018,Mo Bamba,C,20,ORL,47,1,16.3,2.5,5.2,0.481,0.4,1.5,0.3,2.0,3.7,0.555,0.525,0.8,1.3,0.587,1.4,3.6,5.0,0.8,0.3,1.4,0.9,2.2,6.2,5.22
39,33,barneha02,2018,Harrison Barnes,PF,26,DAL,49,49,32.3,5.9,14.6,0.404,2.5,6.3,0.389,3.4,8.3,0.416,0.489,3.4,4.0,0.833,0.7,3.5,4.2,1.3,0.7,0.2,1.4,1.6,17.7,7.66
43,36,batumni01,2018,Nicolas Batum,SF,30,CHO,75,72,31.4,3.4,7.5,0.45,1.5,4.0,0.389,1.8,3.5,0.519,0.553,1.0,1.2,0.865,0.9,4.3,5.2,3.3,0.9,0.6,1.6,1.9,9.3,7.05
45,38,baynear01,2018,Aron Baynes,C,32,BOS,51,18,16.1,2.1,4.4,0.471,0.4,1.2,0.344,1.6,3.2,0.519,0.518,1.0,1.2,0.855,1.7,3.0,4.7,1.1,0.2,0.7,0.8,2.5,5.6,5.13
46,39,bazemke01,2018,Kent Bazemore,SG,29,ATL,67,35,24.5,4.1,10.3,0.402,1.4,4.5,0.32,2.7,5.8,0.465,0.472,1.9,2.6,0.726,0.6,3.3,3.9,2.3,1.3,0.6,1.8,2.5,11.6,5.88
47,40,bealbr01,2018,Bradley Beal,SG,25,WAS,82,82,36.9,9.3,19.6,0.475,2.5,7.3,0.351,6.8,12.4,0.548,0.54,4.4,5.5,0.808,1.1,3.9,5.0,5.5,1.5,0.7,2.7,2.8,25.6,15.17
48,41,beaslma01,2018,Malik Beasley,SG,22,DEN,81,18,23.2,4.3,9.1,0.474,2.0,5.0,0.402,2.3,4.1,0.56,0.584,0.7,0.8,0.848,0.4,2.0,2.5,1.2,0.7,0.1,0.7,1.4,11.3,7.1
50,43,belinma01,2018,Marco Belinelli,SG,32,SAS,79,1,23.0,3.6,8.7,0.413,1.9,5.0,0.372,1.7,3.7,0.468,0.52,1.4,1.6,0.903,0.2,2.3,2.5,1.7,0.4,0.1,0.9,1.5,10.5,5.75
51,44,belljo01,2018,Jordan Bell,C,24,GSW,68,3,11.6,1.5,2.8,0.516,0.0,0.0,0.0,1.5,2.8,0.521,0.516,0.4,0.6,0.61,0.8,1.9,2.7,1.1,0.3,0.8,0.6,1.2,3.3,3.31
52,45,bembrde01,2018,DeAndre' Bembry,SG,24,ATL,82,15,23.5,3.4,7.5,0.446,0.6,2.1,0.289,2.7,5.4,0.508,0.487,1.1,1.7,0.64,0.7,3.7,4.4,2.5,1.3,0.5,1.7,2.3,8.4,5.2
53,46,bendedr01,2018,Dragan Bender,PF,21,PHO,46,27,18.0,1.9,4.3,0.447,0.5,2.2,0.218,1.4,2.1,0.688,0.503,0.7,1.2,0.593,0.7,3.2,4.0,1.2,0.4,0.5,0.8,2.0,5.0,3.67
55,48,bertada01,2018,D?vis Bert?ns,PF,26,SAS,76,12,21.5,2.7,6.0,0.45,1.9,4.4,0.429,0.8,1.5,0.513,0.61,0.7,0.8,0.883,0.3,3.2,3.5,1.3,0.5,0.4,0.6,1.8,8.0,5.8
56,49,beverpa01,2018,Patrick Beverley,PG,30,LAC,78,49,27.4,2.5,6.1,0.407,1.4,3.6,0.397,1.1,2.5,0.421,0.524,1.2,1.6,0.78,1.0,4.0,5.0,3.8,0.9,0.6,1.1,3.4,7.6,7.25
57,50,birchkh01,2018,Khem Birch,C,26,ORL,50,1,12.9,1.8,3.0,0.603,0.0,0.0,0.0,1.8,3.0,0.607,0.603,1.2,1.7,0.699,1.6,2.2,3.8,0.8,0.4,0.6,0.4,1.4,4.8,4.52
58,51,biyombi01,2018,Bismack Biyombo,C,26,CHO,54,32,14.5,1.6,2.9,0.571,0.0,0.0,0.0,1.6,2.9,0.571,0.571,1.1,1.7,0.637,1.5,3.1,4.6,0.6,0.2,0.8,0.6,1.9,4.4,4.08
59,52,bjeline01,2018,Nemanja Bjelica,PF,30,SAC,77,70,23.2,3.7,7.7,0.479,1.3,3.3,0.401,2.4,4.4,0.539,0.566,0.9,1.2,0.761,1.6,4.1,5.8,1.9,0.7,0.7,1.1,2.6,9.6,7.73
60,53,blakean01,2018,Antonio Blakeney,SG,22,CHI,57,3,14.5,2.9,6.9,0.419,0.6,1.6,0.396,2.3,5.4,0.426,0.465,0.9,1.3,0.658,0.1,1.7,1.9,0.7,0.2,0.2,0.6,0.7,7.3,3.13
61,54,bledser01,2018,Eric Bledsoe,PG,29,MIL,78,78,29.1,6.0,12.4,0.484,1.6,4.8,0.329,4.4,7.6,0.582,0.548,2.3,3.0,0.75,1.1,3.6,4.6,5.5,1.5,0.4,2.1,2.0,15.9,11.1
63,56,bogdabo01,2018,Bogdan Bogdanovi?,SG,26,SAC,70,17,27.8,5.2,12.3,0.418,1.9,5.3,0.36,3.2,7.0,0.462,0.496,1.9,2.3,0.827,0.6,2.9,3.5,3.8,1.0,0.2,1.7,2.0,14.1,8.21
64,57,bogdabo02,2018,Bojan Bogdanovi?,SF,29,IND,81,81,31.8,6.4,13.0,0.497,2.0,4.8,0.425,4.4,8.2,0.538,0.575,3.0,3.8,0.807,0.4,3.7,4.1,2.0,0.9,0.0,1.7,1.7,18.0,9.4
66,59,boldejo01,2018,Jonah Bolden,PF,23,PHI,44,10,14.5,1.8,3.7,0.494,0.8,2.2,0.354,1.0,1.5,0.697,0.599,0.3,0.6,0.481,1.1,2.7,3.8,0.9,0.4,0.9,0.8,2.3,4.7,4.62
68,61,bookede01,2018,Devin Booker,SG,22,PHO,64,64,35.0,9.2,19.6,0.467,2.1,6.5,0.326,7.0,13.1,0.536,0.521,6.1,7.1,0.866,0.6,3.5,4.1,6.8,0.9,0.2,4.1,3.1,26.6,13.74
71,63,bradlav01,2018,Avery Bradley,SG,28,LAC,49,49,29.9,3.3,8.6,0.383,1.2,3.5,0.337,2.1,5.1,0.415,0.452,0.4,0.5,0.8,0.7,2.0,2.7,2.0,0.6,0.3,1.2,2.7,8.2,5.12
77,66,bridgmi01,2018,Mikal Bridges,SF,22,PHO,82,56,29.5,3.0,6.9,0.43,1.3,3.8,0.335,1.7,3.0,0.548,0.523,1.2,1.4,0.805,0.7,2.5,3.2,2.1,1.6,0.5,0.9,2.5,8.3,6.04
78,67,bridgmi02,2018,Miles Bridges,SF,20,CHO,80,25,21.2,3.0,6.4,0.464,0.8,2.5,0.325,2.2,3.9,0.553,0.527,0.7,1.0,0.753,0.8,3.2,4.0,1.2,0.7,0.6,0.6,1.4,7.5,5.32
81,70,brogdma01,2018,Malcolm Brogdon,SG,26,MIL,64,64,28.6,5.9,11.7,0.505,1.6,3.8,0.426,4.3,7.9,0.544,0.575,2.2,2.4,0.928,1.0,3.5,4.5,3.2,0.7,0.2,1.4,1.6,15.6,10.25
84,73,brownbr01,2018,Bruce Brown,SG,22,DET,74,56,19.6,1.7,4.2,0.398,0.3,1.3,0.258,1.4,3.0,0.457,0.436,0.6,0.8,0.75,0.6,1.9,2.5,1.2,0.5,0.5,0.6,2.4,4.3,3.45
85,74,brownja02,2018,Jaylen Brown,SG,22,BOS,74,25,25.9,5.0,10.7,0.465,1.3,3.7,0.344,3.7,7.0,0.529,0.525,1.8,2.7,0.658,0.9,3.4,4.2,1.4,0.9,0.4,1.3,2.5,13.0,7.3
87,76,brownst02,2018,Sterling Brown,SG,23,MIL,58,7,17.8,2.5,5.4,0.465,0.9,2.5,0.361,1.6,2.8,0.558,0.55,0.5,0.7,0.69,0.5,2.7,3.2,1.4,0.4,0.1,0.8,1.5,6.4,4.34
88,77,browntr01,2018,Troy Brown Jr.,SF,19,WAS,52,10,14.0,1.9,4.5,0.415,0.4,1.3,0.319,1.4,3.2,0.455,0.462,0.6,0.9,0.681,0.7,2.1,2.8,1.5,0.4,0.1,0.6,1.1,4.8,3.26
89,78,brunsja01,2018,Jalen Brunson,PG,22,DAL,73,38,21.8,3.6,7.7,0.467,0.9,2.5,0.348,2.8,5.3,0.523,0.523,1.2,1.6,0.725,0.3,2.0,2.3,3.2,0.5,0.1,1.2,1.7,9.3,6.23
90,79,bryanth01,2018,Thomas Bryant,C,21,WAS,72,53,20.8,4.3,7.0,0.616,0.5,1.4,0.333,3.8,5.6,0.685,0.648,1.5,1.9,0.781,1.6,4.7,6.3,1.3,0.3,0.9,0.8,1.8,10.5,8.54
92,80,bullore01,2018,Reggie Bullock,SG,27,DET,44,44,30.8,4.1,10.0,0.413,2.6,6.7,0.388,1.5,3.3,0.463,0.542,1.3,1.5,0.875,0.5,2.3,2.8,2.5,0.5,0.1,1.2,1.8,12.1,7.31
104,84,butleji01,2018,Jimmy Butler,SF,29,PHI,55,55,33.2,6.3,13.6,0.461,0.9,2.7,0.338,5.3,10.9,0.491,0.494,4.8,5.5,0.868,1.9,3.4,5.3,4.0,1.8,0.5,1.5,1.7,18.2,10.74
106,86,caldejo01,2018,José Calderón,PG,37,DET,49,0,12.9,0.9,2.4,0.375,0.3,1.2,0.246,0.6,1.3,0.492,0.433,0.2,0.2,0.818,0.2,1.0,1.2,2.3,0.3,0.1,0.7,1.3,2.3,2.46
107,87,caldwke01,2018,Kentavious Caldwell-Pope,SG,25,LAL,82,23,24.8,4.0,9.2,0.43,1.8,5.3,0.347,2.1,3.9,0.542,0.53,1.7,1.9,0.867,0.6,2.3,2.9,1.3,0.9,0.2,0.8,1.7,11.4,6.47
112,89,capelca01,2018,Clint Capela,C,24,HOU,67,67,33.6,7.1,10.9,0.648,0.0,0.0,0.0,7.1,10.9,0.648,0.648,2.5,3.9,0.636,4.4,8.2,12.7,1.4,0.7,1.5,1.4,2.5,16.6,13.96
113,90,carrode01,2018,DeMarre Carroll,PF,32,BRK,67,8,25.4,3.4,8.6,0.395,1.6,4.6,0.342,1.8,4.0,0.457,0.487,2.7,3.6,0.76,1.0,4.2,5.2,1.3,0.5,0.1,1.1,1.7,11.1,5.18
115,92,cartevi01,2018,Vince Carter,PF,42,ATL,76,9,17.5,2.6,6.2,0.419,1.6,4.2,0.389,1.0,2.0,0.48,0.55,0.6,0.9,0.712,0.4,2.1,2.6,1.1,0.6,0.4,0.6,1.9,7.4,4.99
116,93,cartewe01,2018,Wendell Carter Jr.,C,19,CHI,44,44,25.2,4.1,8.4,0.485,0.1,0.7,0.188,4.0,7.7,0.513,0.493,2.0,2.5,0.795,2.0,5.0,7.0,1.8,0.6,1.3,1.5,3.5,10.3,7.73
122,97,caulewi01,2018,Willie Cauley-Stein,C,25,SAC,81,81,27.3,5.1,9.1,0.556,0.0,0.0,0.5,5.1,9.1,0.556,0.557,1.7,3.1,0.551,2.2,6.1,8.4,2.4,1.2,0.6,1.0,2.8,11.9,9.41
127,100,chandty01,2018,Tyson Chandler,C,36,LAL,48,6,16.4,1.1,1.8,0.609,0.0,0.0,0.0,1.1,1.8,0.616,0.609,0.9,1.4,0.594,1.8,3.8,5.6,0.6,0.4,0.5,0.7,1.9,3.1,3.45
136,105,clarkga01,2018,Gary Clark,PF,24,HOU,51,2,12.6,1.0,3.0,0.331,0.8,2.7,0.297,0.2,0.3,0.692,0.467,0.1,0.1,1.0,0.5,1.8,2.3,0.4,0.4,0.5,0.1,0.9,2.9,2.36
137,106,clarkia01,2018,Ian Clark,SG,27,NOP,60,6,16.2,2.5,6.4,0.394,1.1,3.4,0.327,1.4,3.0,0.47,0.48,0.6,0.6,0.892,0.2,1.3,1.5,1.6,0.4,0.1,1.0,1.6,6.7,3.71
138,107,clarkjo01,2018,Jordan Clarkson,SG,26,CLE,81,0,27.3,6.5,14.6,0.448,1.8,5.5,0.324,4.8,9.1,0.524,0.509,2.0,2.4,0.844,1.0,2.3,3.3,2.4,0.7,0.2,1.7,1.4,16.8,8.8
139,108,collijo01,2018,John Collins,PF,21,ATL,61,59,30.0,7.6,13.6,0.56,0.9,2.6,0.348,6.7,11.0,0.609,0.593,3.3,4.4,0.763,3.6,6.2,9.8,2.0,0.4,0.6,2.0,3.3,19.5,13.6
140,109,colliza01,2018,Zach Collins,C,21,POR,77,0,17.6,2.5,5.2,0.473,0.5,1.6,0.331,1.9,3.6,0.534,0.523,1.2,1.6,0.746,1.4,2.8,4.2,0.9,0.3,0.9,1.0,2.3,6.6,5.0
141,110,collida01,2018,Darren Collison,PG,31,IND,76,76,28.2,4.1,8.7,0.467,1.0,2.6,0.407,3.0,6.1,0.492,0.527,2.1,2.5,0.832,0.5,2.6,3.1,6.0,1.4,0.1,1.6,1.8,11.2,8.65
143,112,conlemi01,2018,Mike Conley,PG,31,MEM,70,70,33.5,7.0,16.0,0.438,2.2,6.1,0.364,4.8,9.9,0.483,0.507,4.9,5.8,0.845,0.6,2.8,3.4,6.4,1.3,0.3,1.9,1.8,21.1,12.35
144,113,connapa01,2018,Pat Connaughton,SG,26,MIL,61,2,20.7,2.7,5.7,0.466,1.1,3.3,0.33,1.6,2.5,0.647,0.56,0.5,0.7,0.725,1.0,3.2,4.2,2.0,0.5,0.4,0.5,1.3,6.9,5.91
145,114,cookqu01,2018,Quinn Cook,PG,25,GSW,74,10,14.3,2.8,5.9,0.465,1.1,2.7,0.405,1.7,3.2,0.515,0.557,0.3,0.4,0.769,0.3,1.8,2.1,1.6,0.3,0.0,0.7,1.2,6.9,4.72
151,118,craigto01,2018,Torrey Craig,SF,28,DEN,75,37,20.0,2.1,4.8,0.442,0.8,2.5,0.324,1.3,2.3,0.569,0.526,0.7,0.9,0.7,1.2,2.3,3.5,1.0,0.5,0.6,0.6,2.3,5.7,4.82
152,119,crawfja01,2018,Jamal Crawford,SG,38,PHO,64,0,18.9,2.7,6.8,0.397,1.0,3.2,0.332,1.7,3.7,0.453,0.474,1.5,1.7,0.845,0.1,1.2,1.3,3.6,0.5,0.2,1.5,1.2,7.9,4.65
156,121,crowdja01,2018,Jae Crowder,SF,28,UTA,80,11,27.1,4.0,10.0,0.399,2.2,6.5,0.331,1.8,3.4,0.527,0.508,1.8,2.5,0.721,0.8,4.1,4.8,1.7,0.8,0.4,1.1,2.1,11.9,6.55
157,122,cunnida01,2018,Dante Cunningham,PF,31,SAS,64,21,14.5,1.2,2.5,0.475,0.5,1.0,0.462,0.7,1.5,0.484,0.57,0.2,0.3,0.778,0.8,2.2,2.9,0.8,0.4,0.2,0.3,1.1,3.0,2.93
158,123,curryse01,2018,Seth Curry,SG,28,POR,74,2,18.9,2.9,6.3,0.456,1.5,3.4,0.45,1.3,2.9,0.463,0.577,0.6,0.7,0.846,0.4,1.3,1.6,0.9,0.5,0.2,0.8,1.3,7.9,4.9
159,124,curryst01,2018,Stephen Curry,PG,30,GSW,69,69,33.8,9.2,19.4,0.472,5.1,11.7,0.437,4.0,7.7,0.525,0.604,3.8,4.2,0.916,0.7,4.7,5.3,5.2,1.3,0.4,2.8,2.4,27.3,16.77
160,125,danietr01,2018,Troy Daniels,SG,27,PHO,51,1,14.9,2.2,5.4,0.411,1.5,3.8,0.381,0.8,1.6,0.481,0.545,0.4,0.5,0.783,0.3,1.2,1.4,0.5,0.5,0.1,0.5,1.5,6.2,3.67
161,126,davisan02,2018,Anthony Davis,C,25,NOP,56,56,33.0,9.5,18.3,0.517,0.9,2.6,0.331,8.6,15.7,0.547,0.54,6.1,7.7,0.794,3.1,8.9,12.0,3.9,1.6,2.4,2.0,2.4,25.9,16.91
163,128,davised01,2018,Ed Davis,C,29,BRK,81,1,17.9,2.3,3.7,0.616,0.0,0.0,0.0,2.3,3.7,0.62,0.616,1.2,2.0,0.617,2.7,5.9,8.6,0.8,0.4,0.4,0.8,2.8,5.8,5.9
165,130,dedmode01,2018,Dewayne Dedmon,C,29,ATL,64,52,25.1,4.0,8.2,0.492,1.3,3.4,0.382,2.8,4.8,0.57,0.571,1.4,1.8,0.814,1.6,5.9,7.5,1.4,1.1,1.1,1.3,3.3,10.8,8.27
174,135,derozde01,2018,DeMar DeRozan,SG,29,SAS,77,77,34.9,8.2,17.1,0.481,0.1,0.6,0.156,8.1,16.5,0.492,0.483,4.8,5.7,0.83,0.7,5.3,6.0,6.2,1.1,0.5,2.6,2.3,21.2,11.81
176,137,diallch01,2018,Cheick Diallo,PF,22,NOP,64,1,14.0,2.6,4.2,0.62,0.0,0.1,0.25,2.6,4.2,0.625,0.622,0.8,1.0,0.746,1.2,4.0,5.2,0.5,0.5,0.5,0.8,1.8,6.0,4.84
177,138,diallha01,2018,Hamidou Diallo,SG,20,OKC,51,3,10.3,1.5,3.2,0.455,0.1,0.5,0.167,1.4,2.8,0.504,0.467,0.7,1.2,0.61,0.7,1.2,1.9,0.3,0.4,0.2,0.5,1.5,3.7,2.24
178,139,dienggo01,2018,Gorgui Dieng,C,29,MIN,76,2,13.6,2.5,5.0,0.501,0.3,0.7,0.339,2.2,4.2,0.53,0.527,1.2,1.4,0.83,1.1,3.0,4.1,0.9,0.6,0.5,0.8,1.8,6.4,4.53
179,140,dinwisp01,2018,Spencer Dinwiddie,PG,25,BRK,68,4,28.1,5.4,12.2,0.442,1.8,5.4,0.335,3.6,6.7,0.528,0.517,4.2,5.2,0.806,0.4,2.1,2.4,4.6,0.6,0.3,2.2,2.8,16.8,9.29
181,142,doncilu01,2018,Luka Don?i?,SG,19,DAL,72,72,32.2,7.0,16.5,0.427,2.3,7.1,0.327,4.7,9.3,0.503,0.497,4.8,6.7,0.713,1.2,6.6,7.8,6.0,1.1,0.3,3.4,1.9,21.2,10.46
185,144,dotsoda01,2018,Damyean Dotson,SG,24,NYK,73,40,27.5,4.0,9.6,0.415,1.7,4.7,0.368,2.2,4.9,0.461,0.506,1.0,1.3,0.745,0.5,3.1,3.6,1.8,0.8,0.1,1.0,1.8,10.7,6.06
188,147,drumman01,2018,Andre Drummond,C,25,DET,79,79,33.5,7.1,13.3,0.533,0.1,0.5,0.132,7.0,12.8,0.548,0.536,3.1,5.2,0.59,5.4,10.2,15.6,1.4,1.7,1.7,2.2,3.4,17.3,12.62
189,148,dudleja01,2018,Jared Dudley,PF,33,BRK,59,25,20.7,1.7,4.1,0.423,0.9,2.6,0.351,0.8,1.5,0.545,0.533,0.5,0.8,0.696,0.6,2.1,2.6,1.4,0.6,0.3,0.7,2.2,4.9,3.98
190,149,dunnkr01,2018,Kris Dunn,PG,24,CHI,46,44,30.2,4.7,11.0,0.425,0.7,2.1,0.354,3.9,8.9,0.441,0.458,1.2,1.5,0.797,0.4,3.7,4.1,6.0,1.5,0.5,2.3,3.6,11.3,8.37
191,150,duranke01,2018,Kevin Durant,SF,30,GSW,78,78,34.6,9.2,17.7,0.521,1.8,5.0,0.353,7.5,12.8,0.587,0.571,5.7,6.5,0.885,0.4,5.9,6.4,5.9,0.7,1.1,2.9,2.0,26.0,15.49
200,155,embiijo01,2018,Joel Embiid,C,24,PHI,64,64,33.7,9.1,18.7,0.484,1.2,4.1,0.3,7.8,14.6,0.535,0.517,8.2,10.1,0.804,2.5,11.1,13.6,3.7,0.7,1.9,3.5,3.3,27.5,14.22
209,160,evansty01,2018,Tyreke Evans,SG,29,IND,69,18,20.3,3.7,9.6,0.389,1.1,3.1,0.356,2.6,6.4,0.405,0.448,1.7,2.3,0.719,0.5,2.4,2.9,2.4,0.8,0.3,1.7,1.7,10.2,4.58
214,163,favorde01,2018,Derrick Favors,C,27,UTA,76,70,23.2,4.8,8.1,0.586,0.2,1.0,0.218,4.6,7.1,0.64,0.6,2.0,3.0,0.675,2.7,4.6,7.4,1.2,0.7,1.4,1.1,2.1,11.8,9.5
215,164,feliccr01,2018,Cristiano Felício,C,26,CHI,60,0,12.4,1.6,3.0,0.531,0.0,0.1,0.0,1.6,2.9,0.543,0.531,0.8,1.2,0.685,1.3,2.3,3.6,0.6,0.2,0.1,0.6,1.2,4.0,3.02
217,166,fergute01,2018,Terrance Ferguson,SG,20,OKC,74,74,26.1,2.5,5.8,0.429,1.4,3.9,0.366,1.1,1.9,0.56,0.552,0.5,0.7,0.725,0.4,1.5,1.9,1.0,0.5,0.2,0.6,3.1,6.9,5.12
218,167,ferreyo01,2018,Yogi Ferrell,PG,25,SAC,71,3,15.0,2.2,5.0,0.435,0.8,2.1,0.362,1.4,2.9,0.488,0.511,0.8,0.9,0.896,0.2,1.4,1.5,1.9,0.5,0.1,0.6,0.9,5.9,3.9
219,168,finnedo01,2018,Dorian Finney-Smith,SF,25,DAL,81,26,24.5,2.8,6.5,0.432,1.0,3.1,0.311,1.8,3.4,0.544,0.507,0.9,1.3,0.709,1.7,3.1,4.8,1.2,0.9,0.4,0.9,2.3,7.5,5.52
220,169,forbebr01,2018,Bryn Forbes,SG,25,SAS,82,81,28.0,4.4,9.6,0.456,2.1,5.0,0.426,2.3,4.6,0.489,0.568,0.8,1.0,0.885,0.2,2.7,2.9,2.1,0.5,0.0,1.0,1.9,11.8,7.49
221,170,fournev01,2018,Evan Fournier,SG,26,ORL,81,81,31.5,5.8,13.2,0.438,1.9,5.6,0.34,3.9,7.6,0.509,0.509,1.7,2.1,0.806,0.5,2.7,3.2,3.6,0.9,0.1,1.9,2.8,15.1,8.82
222,171,foxde01,2018,De'Aaron Fox,PG,21,SAC,81,81,31.4,6.2,13.6,0.458,1.1,2.9,0.371,5.2,10.7,0.482,0.497,3.7,5.1,0.727,0.5,3.2,3.8,7.3,1.6,0.6,2.8,2.5,17.3,10.82
225,173,fraziti01,2018,Tim Frazier,PG,28,NOP,47,17,19.3,1.9,4.1,0.451,0.6,1.6,0.351,1.3,2.5,0.517,0.521,0.7,0.9,0.78,0.7,2.2,2.9,4.4,0.5,0.1,1.3,2.0,5.0,5.39
229,175,kanteen01,2018,Enes Freedom,C,26,NYK,44,23,25.6,5.7,10.6,0.536,0.2,0.5,0.318,5.5,10.1,0.547,0.544,2.4,2.9,0.814,3.9,6.6,10.5,1.9,0.4,0.4,1.8,2.4,14.0,10.24
233,178,gallida01,2018,Danilo Gallinari,SF,30,LAC,68,68,30.3,6.0,13.0,0.463,2.4,5.5,0.433,3.6,7.5,0.484,0.554,5.4,6.0,0.904,0.8,5.3,6.1,2.6,0.7,0.3,1.5,1.9,19.8,10.39
234,179,gallola01,2018,Langston Galloway,SG,27,DET,80,4,21.8,2.9,7.3,0.388,1.7,4.8,0.355,1.2,2.6,0.449,0.503,1.0,1.2,0.844,0.6,1.5,2.1,1.1,0.5,0.1,0.3,1.7,8.4,5.21
237,181,gasolma01,2018,Marc Gasol,C,34,MEM,53,53,33.7,5.7,12.9,0.444,1.4,4.2,0.344,4.3,8.7,0.491,0.499,2.9,3.8,0.756,1.1,7.5,8.6,4.7,1.1,1.2,2.2,2.8,15.7,10.09
242,183,gayru01,2018,Rudy Gay,PF,32,SAS,69,51,26.7,5.4,10.8,0.504,1.1,2.7,0.402,4.4,8.1,0.537,0.554,1.7,2.1,0.816,0.9,5.9,6.8,2.6,0.8,0.5,1.7,2.3,13.7,8.8
243,184,georgpa01,2018,Paul George,SF,28,OKC,77,77,36.9,9.2,21.0,0.438,3.8,9.8,0.386,5.4,11.1,0.484,0.529,5.9,7.0,0.839,1.4,6.8,8.2,4.1,2.2,0.4,2.7,2.8,28.0,14.37
244,185,gibsota01,2018,Taj Gibson,PF,33,MIN,70,57,24.1,4.3,7.7,0.566,0.2,0.5,0.324,4.2,7.2,0.583,0.576,1.9,2.5,0.757,2.5,4.1,6.5,1.2,0.8,0.6,1.0,2.7,10.8,8.46
245,186,gilesha01,2018,Harry Giles,PF,20,SAC,58,0,14.1,3.0,6.0,0.503,0.0,0.1,0.0,3.0,5.9,0.512,0.503,1.0,1.6,0.637,1.1,2.7,3.8,1.5,0.5,0.4,1.3,2.6,7.0,4.8
246,187,gilgesh01,2018,Shai Gilgeous-Alexander,PG,20,LAC,82,73,26.5,4.2,8.7,0.476,0.6,1.7,0.367,3.5,7.0,0.503,0.512,1.9,2.4,0.8,0.7,2.1,2.8,3.3,1.2,0.5,1.7,2.1,10.8,6.96
247,188,goberru01,2018,Rudy Gobert,C,26,UTA,81,80,31.8,5.9,8.8,0.669,0.0,0.0,0.0,5.9,8.8,0.669,0.669,4.1,6.4,0.636,3.8,9.0,12.9,2.0,0.8,2.3,1.6,2.9,15.9,13.13
249,190,gordoaa01,2018,Aaron Gordon,PF,23,ORL,78,78,33.8,6.0,13.4,0.449,1.6,4.4,0.349,4.5,9.0,0.499,0.507,2.4,3.2,0.731,1.7,5.7,7.4,3.7,0.7,0.7,2.1,2.2,16.0,9.83
250,191,gordoer01,2018,Eric Gordon,SG,30,HOU,68,53,31.7,5.6,13.8,0.409,3.2,8.8,0.36,2.5,5.0,0.497,0.525,1.8,2.2,0.783,0.3,1.9,2.2,1.9,0.6,0.4,1.3,2.1,16.2,8.54
251,192,gortama01,2018,Marcin Gortat,C,34,LAC,47,43,16.0,2.1,4.0,0.532,0.0,0.0,0.0,2.1,4.0,0.532,0.532,0.7,1.0,0.729,1.4,4.1,5.6,1.4,0.1,0.5,1.1,2.0,5.0,4.37
252,193,grahade01,2018,Devonte' Graham,PG,23,CHO,46,3,14.7,1.6,4.7,0.343,0.7,2.6,0.281,0.9,2.1,0.421,0.421,0.8,1.0,0.761,0.2,1.2,1.4,2.6,0.5,0.0,0.7,1.0,4.7,2.99
254,195,grantje01,2018,Jerami Grant,PF,24,OKC,80,77,32.7,5.1,10.3,0.497,1.4,3.7,0.392,3.7,6.6,0.555,0.567,2.0,2.8,0.71,1.2,4.0,5.2,1.0,0.8,1.3,0.8,2.7,13.6,9.24
255,196,grantje02,2018,Jerian Grant,PG,26,ORL,60,1,15.7,1.5,3.7,0.418,0.7,1.8,0.364,0.9,1.8,0.473,0.509,0.4,0.7,0.65,0.3,1.3,1.6,2.6,0.7,0.1,0.9,1.3,4.2,3.49
257,198,greenda02,2018,Danny Green,SG,31,TOR,80,80,27.7,3.7,7.9,0.465,2.5,5.4,0.455,1.2,2.4,0.487,0.622,0.5,0.6,0.841,0.8,3.2,4.0,1.6,0.9,0.7,0.9,2.1,10.3,7.92
258,199,greendr01,2018,Draymond Green,PF,28,GSW,66,66,31.3,2.8,6.4,0.445,0.7,2.5,0.285,2.1,3.9,0.549,0.501,1.0,1.4,0.692,0.9,6.4,7.3,6.9,1.4,1.1,2.6,3.0,7.4,7.91
259,200,greenge01,2018,Gerald Green,SG,33,HOU,73,0,20.2,3.2,7.9,0.4,2.1,6.0,0.354,1.0,1.9,0.547,0.535,0.8,0.9,0.838,0.4,2.1,2.5,0.5,0.5,0.4,0.8,1.7,9.2,5.06
263,202,greenje02,2018,Jeff Green,PF,32,WAS,77,44,27.2,4.2,8.9,0.475,1.4,4.2,0.347,2.8,4.8,0.586,0.555,2.4,2.7,0.888,0.7,3.3,4.0,1.8,0.6,0.5,1.3,2.1,12.3,7.35
264,203,griffbl01,2018,Blake Griffin,PF,29,DET,75,75,35.0,8.3,17.9,0.462,2.5,7.0,0.362,5.7,10.9,0.525,0.532,5.5,7.3,0.753,1.3,6.2,7.5,5.4,0.7,0.4,3.4,2.7,24.5,12.82
268,206,hardati02,2018,Tim Hardaway Jr.,SG,26,NYK,46,46,32.6,6.1,15.8,0.388,2.5,7.3,0.347,3.6,8.5,0.424,0.469,4.3,5.1,0.854,0.6,2.9,3.5,2.7,0.9,0.1,1.8,2.3,19.1,8.22
270,207,hardeja01,2018,James Harden,PG,29,HOU,78,78,36.8,10.8,24.5,0.442,4.8,13.2,0.368,6.0,11.3,0.528,0.541,9.7,11.0,0.879,0.8,5.8,6.6,7.5,2.0,0.7,5.0,3.1,36.1,17.53
271,208,harklma01,2018,Maurice Harkless,SF,25,POR,60,53,23.6,3.2,6.5,0.487,0.6,2.0,0.275,2.6,4.5,0.582,0.53,0.8,1.2,0.671,1.3,3.2,4.5,1.2,1.1,0.9,0.8,2.7,7.7,6.29
272,209,harremo01,2018,Montrezl Harrell,C,25,LAC,82,5,26.3,6.7,10.8,0.615,0.0,0.2,0.176,6.6,10.6,0.623,0.617,3.2,5.0,0.643,2.2,4.3,6.5,2.0,0.9,1.3,1.6,3.1,16.6,11.93
273,210,harride01,2018,Devin Harris,PG,35,DAL,68,2,15.8,1.9,5.1,0.38,0.9,2.9,0.31,1.0,2.2,0.476,0.47,1.5,2.0,0.761,0.2,1.5,1.6,1.8,0.5,0.2,0.8,2.0,6.3,3.63
274,211,harriga01,2018,Gary Harris,SG,24,DEN,57,48,28.8,4.7,11.2,0.424,1.4,4.2,0.339,3.3,6.9,0.476,0.488,2.0,2.5,0.799,0.7,2.1,2.8,2.2,1.0,0.3,1.2,2.0,12.9,6.98
275,212,harrijo01,2018,Joe Harris,SG,27,BRK,76,76,30.2,4.9,9.8,0.5,2.4,5.1,0.474,2.5,4.8,0.528,0.622,1.4,1.8,0.827,0.7,3.1,3.8,2.4,0.5,0.2,1.6,2.4,13.7,9.19
277,213,harrito02,2018,Tobias Harris,PF,26,LAC,55,55,34.6,7.7,15.5,0.496,2.0,4.7,0.434,5.7,10.9,0.523,0.561,3.5,4.0,0.877,0.7,7.2,7.9,2.7,0.7,0.4,2.0,2.2,20.9,11.67
283,215,harrish01,2018,Shaquille Harrison,SG,25,CHI,73,11,19.6,2.5,5.8,0.432,0.3,1.2,0.27,2.2,4.6,0.475,0.46,1.1,1.7,0.667,0.5,2.6,3.0,1.9,1.2,0.4,0.8,1.7,6.5,4.16
284,216,hartjo01,2018,Josh Hart,SG,23,LAL,67,22,25.6,2.8,6.9,0.407,1.4,4.1,0.336,1.4,2.8,0.511,0.506,0.8,1.2,0.688,0.5,3.2,3.7,1.4,1.0,0.6,0.9,2.2,7.8,5.02
287,219,haywago01,2018,Gordon Hayward,PF,28,BOS,72,18,25.9,4.1,8.8,0.466,1.1,3.2,0.333,3.0,5.6,0.542,0.527,2.2,2.6,0.834,0.7,3.8,4.5,3.4,0.9,0.3,1.5,1.4,11.5,7.2
289,221,hernaju01,2018,Juancho Hernangómez,PF,23,DEN,70,25,19.4,2.0,4.5,0.439,0.9,2.6,0.365,1.0,1.9,0.541,0.545,0.9,1.2,0.767,0.9,2.9,3.8,0.8,0.4,0.3,0.5,1.3,5.8,4.03
290,222,hernawi01,2018,Willy Hernangómez,C,24,CHO,58,3,14.0,2.6,5.1,0.519,0.3,0.7,0.385,2.4,4.4,0.539,0.544,1.7,2.5,0.694,2.0,3.3,5.4,1.0,0.3,0.3,1.0,1.7,7.3,5.08
291,223,hezonma01,2018,Mario Hezonja,SF,23,NYK,58,24,20.8,3.3,8.0,0.412,0.7,2.6,0.276,2.6,5.4,0.478,0.457,1.5,2.0,0.763,0.5,3.6,4.1,1.5,1.0,0.1,1.5,1.9,8.8,3.85
293,225,hieldbu01,2018,Buddy Hield,SG,26,SAC,82,82,31.9,7.6,16.6,0.458,3.4,7.9,0.427,4.2,8.6,0.487,0.56,2.1,2.4,0.886,1.3,3.7,5.0,2.5,0.7,0.4,1.8,2.5,20.7,12.46
298,228,hillge01,2018,George Hill,PG,32,MIL,47,0,20.4,2.4,5.7,0.428,0.7,2.7,0.28,1.7,3.1,0.556,0.493,1.1,1.4,0.815,0.6,2.0,2.6,2.1,0.9,0.1,0.7,1.4,6.8,4.59
299,229,hillso01,2018,Solomon Hill,SF,27,NOP,44,15,20.0,1.5,4.0,0.382,0.7,2.3,0.317,0.8,1.8,0.468,0.472,0.5,0.7,0.719,0.8,2.3,3.0,1.3,0.5,0.2,0.7,1.8,4.3,3.25
300,230,holidaa01,2018,Aaron Holiday,PG,22,IND,50,0,12.9,2.1,5.2,0.401,0.9,2.5,0.339,1.2,2.7,0.459,0.483,0.8,1.0,0.82,0.1,1.2,1.3,1.7,0.4,0.3,0.8,1.4,5.9,3.61
301,231,holidjr01,2018,Jrue Holiday,SG,28,NOP,67,67,35.9,8.2,17.3,0.472,1.8,5.4,0.325,6.4,11.9,0.539,0.523,3.1,4.0,0.768,1.1,3.9,5.0,7.7,1.6,0.8,3.1,2.2,21.2,14.03
304,232,holidju01,2018,Justin Holiday,SG,29,MEM,44,39,29.1,3.4,8.7,0.389,1.5,4.4,0.333,1.9,4.3,0.447,0.474,1.2,1.4,0.9,0.6,2.9,3.5,1.4,1.2,0.3,1.3,1.9,9.5,4.8
306,234,holliro01,2018,Rondae Hollis-Jefferson,SF,24,BRK,59,21,20.9,3.4,8.3,0.411,0.2,0.8,0.184,3.2,7.4,0.436,0.42,2.0,3.1,0.645,1.4,3.8,5.3,1.6,0.7,0.5,1.2,1.8,8.9,4.38
307,235,holmeri01,2018,Richaun Holmes,C,25,PHO,70,4,16.9,3.2,5.2,0.608,0.0,0.0,0.0,3.2,5.2,0.608,0.608,1.8,2.5,0.731,1.6,3.1,4.7,0.9,0.6,1.1,0.7,2.8,8.2,7.06
309,236,hoodro01,2018,Rodney Hood,SG,26,CLE,45,45,27.4,4.3,10.1,0.427,1.2,3.4,0.362,3.1,6.7,0.46,0.488,2.3,2.5,0.912,0.4,2.1,2.5,2.0,0.8,0.1,0.8,2.2,12.2,6.76
311,237,horfoal01,2018,Al Horford,C,32,BOS,68,68,29.0,5.7,10.6,0.535,1.1,3.0,0.36,4.6,7.6,0.604,0.586,1.1,1.4,0.821,1.8,5.0,6.7,4.2,0.9,1.3,1.5,1.9,13.6,11.83
314,240,huertke01,2018,Kevin Huerter,SG,20,ATL,75,59,27.3,3.7,8.8,0.419,1.8,4.7,0.385,1.9,4.1,0.457,0.522,0.5,0.7,0.732,0.8,2.5,3.3,2.9,0.9,0.3,1.5,2.1,9.7,6.68
317,243,hutchch01,2018,Chandler Hutchison,SF,22,CHI,44,14,20.3,2.2,4.8,0.459,0.3,1.1,0.28,1.9,3.6,0.516,0.493,0.5,0.9,0.605,0.7,3.5,4.2,0.8,0.5,0.1,0.6,1.3,5.2,3.2
318,244,ibakase01,2018,Serge Ibaka,C,29,TOR,74,51,27.2,6.3,11.9,0.529,0.7,2.3,0.29,5.6,9.6,0.586,0.557,1.8,2.4,0.763,2.1,6.0,8.1,1.3,0.4,1.4,1.5,2.9,15.0,10.53
319,245,iguodan01,2018,Andre Iguodala,SF,35,GSW,68,13,23.2,2.2,4.4,0.5,0.7,2.1,0.333,1.5,2.3,0.652,0.579,0.6,1.0,0.582,0.7,3.0,3.7,3.2,0.9,0.8,0.8,1.4,5.7,5.91
320,246,ilyaser01,2018,Ersan ?lyasova,PF,31,MIL,67,7,18.4,2.5,5.7,0.438,0.9,2.4,0.363,1.6,3.3,0.493,0.514,0.9,1.1,0.824,1.4,3.1,4.5,0.8,0.5,0.3,0.7,2.6,6.8,5.1
321,247,inglejo01,2018,Joe Ingles,PF,31,UTA,82,82,31.3,4.4,9.8,0.448,2.3,5.9,0.391,2.1,3.9,0.533,0.565,1.1,1.5,0.707,0.4,3.6,4.0,5.7,1.2,0.2,2.4,2.2,12.1,8.85
323,249,ingrabr01,2018,Brandon Ingram,SF,21,LAL,52,52,33.8,7.0,14.0,0.497,0.6,1.8,0.33,6.4,12.2,0.521,0.518,3.8,5.6,0.675,0.8,4.3,5.1,3.0,0.5,0.6,2.5,2.9,18.3,9.28
324,250,irvinky01,2018,Kyrie Irving,PG,26,BOS,67,67,33.0,9.0,18.5,0.487,2.6,6.5,0.401,6.4,12.0,0.533,0.557,3.2,3.7,0.873,1.1,3.9,5.0,6.9,1.5,0.5,2.6,2.5,23.8,16.04
325,251,isaacjo01,2018,Jonathan Isaac,PF,21,ORL,75,64,26.6,3.5,8.1,0.429,1.1,3.5,0.323,2.3,4.6,0.51,0.499,1.5,1.8,0.815,1.3,4.2,5.5,1.1,0.8,1.3,1.0,1.9,9.6,6.36
326,252,iwundwe01,2018,Wes Iwundu,SF,24,ORL,68,13,18.1,1.7,4.0,0.412,0.4,1.2,0.367,1.2,2.9,0.431,0.465,1.2,1.5,0.816,0.5,2.2,2.7,1.1,0.4,0.3,0.6,1.8,5.0,3.25
328,254,jacksfr01,2018,Frank Jackson,PG,20,NOP,61,16,19.2,3.2,7.3,0.434,0.9,2.8,0.314,2.3,4.6,0.507,0.493,0.9,1.2,0.74,0.4,1.8,2.2,1.1,0.4,0.0,0.8,1.5,8.1,4.28
329,255,jacksja02,2018,Jaren Jackson Jr.,PF,19,MEM,58,56,26.1,5.1,10.2,0.506,0.9,2.4,0.359,4.3,7.7,0.553,0.549,2.6,3.4,0.766,1.3,3.4,4.7,1.1,0.9,1.4,1.7,3.8,13.8,8.78
330,256,jacksjo02,2018,Josh Jackson,SG,21,PHO,79,29,25.2,4.4,10.6,0.413,0.9,2.8,0.324,3.5,7.8,0.445,0.456,1.8,2.7,0.671,0.8,3.6,4.4,2.3,0.9,0.7,2.2,2.6,11.5,5.54
332,257,jacksju01,2018,Justin Jackson,SF,23,SAC,52,3,20.8,2.4,5.7,0.424,1.1,3.1,0.346,1.3,2.6,0.515,0.517,0.8,1.0,0.82,0.5,2.3,2.8,1.3,0.4,0.3,0.4,1.3,6.7,4.54
334,258,jacksre01,2018,Reggie Jackson,PG,28,DET,82,82,27.9,5.4,12.8,0.421,2.1,5.7,0.369,3.3,7.0,0.464,0.504,2.5,2.9,0.864,0.5,2.1,2.6,4.2,0.7,0.1,1.8,2.5,15.4,9.0
335,259,jamesle01,2018,LeBron James,SF,34,LAL,55,55,35.2,10.1,19.9,0.51,2.0,5.9,0.339,8.1,14.0,0.582,0.56,5.1,7.6,0.665,1.0,7.4,8.5,8.3,1.3,0.6,3.6,1.7,27.4,16.44
340,262,jerebjo01,2018,Jonas Jerebko,PF,31,GSW,73,6,16.7,2.2,4.9,0.459,0.9,2.6,0.367,1.3,2.3,0.563,0.556,0.9,1.1,0.8,1.0,3.0,3.9,1.3,0.4,0.2,0.6,1.9,6.3,4.86
342,264,johnsam01,2018,Amir Johnson,C,31,PHI,51,6,10.4,1.5,3.1,0.503,0.2,0.8,0.3,1.3,2.3,0.573,0.541,0.6,0.8,0.756,0.9,2.0,2.9,1.2,0.3,0.3,0.9,1.9,3.9,3.31
346,266,johnsja01,2018,James Johnson,PF,31,MIA,55,33,21.2,3.0,6.9,0.433,0.9,2.7,0.336,2.1,4.2,0.496,0.499,0.9,1.3,0.714,0.4,2.8,3.2,2.5,0.6,0.5,1.3,2.1,7.8,5.21
348,267,johnsst04,2018,Stanley Johnson,SF,22,DET,48,7,20.0,2.8,7.3,0.381,1.1,3.8,0.282,1.7,3.5,0.488,0.454,0.9,1.1,0.804,0.5,3.1,3.6,1.3,1.0,0.3,1.1,1.9,7.5,3.84
351,268,johnsty01,2018,Tyler Johnson,PG,26,MIA,44,10,25.5,3.9,9.1,0.426,1.6,4.6,0.353,2.3,4.5,0.503,0.516,1.4,2.0,0.693,0.4,2.3,2.8,2.5,0.9,0.5,1.4,1.6,10.8,6.25
356,270,jokicni01,2018,Nikola Joki?,C,23,DEN,80,80,31.3,7.7,15.1,0.511,1.0,3.4,0.307,6.7,11.7,0.569,0.545,3.6,4.4,0.821,2.9,8.0,10.8,7.3,1.4,0.7,3.1,2.9,20.1,15.1
358,272,jonesde02,2018,Derrick Jones Jr.,SF,21,MIA,60,14,19.2,2.7,5.4,0.494,0.5,1.5,0.308,2.2,3.9,0.567,0.537,1.2,2.0,0.607,1.6,2.4,4.0,0.6,0.8,0.7,0.7,2.1,7.0,5.19
362,276,jonesty01,2018,Tyus Jones,PG,22,MIN,68,23,22.9,2.7,6.6,0.415,0.6,1.9,0.317,2.1,4.7,0.453,0.46,0.9,1.0,0.841,0.3,1.6,2.0,4.8,1.2,0.1,0.7,1.1,6.9,5.98
364,277,jordade01,2018,DeAndre Jordan,C,30,DAL,50,50,31.1,4.2,6.5,0.644,0.0,0.0,0.0,4.2,6.5,0.644,0.644,2.7,4.0,0.682,3.2,10.5,13.7,2.0,0.7,1.1,2.2,2.5,11.0,8.66
366,278,josepco01,2018,Cory Joseph,PG,27,IND,82,9,25.2,2.8,6.7,0.412,0.7,2.1,0.322,2.1,4.6,0.454,0.463,0.4,0.5,0.698,0.5,2.9,3.4,3.9,1.1,0.3,1.0,1.6,6.5,5.5
367,279,kaminfr01,2018,Frank Kaminsky,C,25,CHO,47,0,16.1,2.9,6.3,0.463,1.1,3.0,0.36,1.9,3.4,0.553,0.547,1.7,2.3,0.738,0.8,2.6,3.5,1.3,0.3,0.3,0.9,1.4,8.6,5.09
368,280,kennalu01,2018,Luke Kennard,SG,22,DET,63,10,22.8,3.6,8.3,0.438,1.7,4.3,0.394,1.9,4.0,0.486,0.54,0.8,1.0,0.836,0.2,2.7,2.9,1.8,0.4,0.2,0.9,1.5,9.7,5.85
369,281,kiddgmi01,2018,Michael Kidd-Gilchrist,PF,25,CHO,64,3,18.4,2.5,5.2,0.476,0.3,0.7,0.34,2.2,4.5,0.498,0.5,1.5,1.9,0.772,1.4,2.5,3.8,1.0,0.5,0.6,0.7,2.4,6.7,5.06
371,283,klebima01,2018,Maxi Kleber,PF,27,DAL,71,18,21.2,2.5,5.4,0.453,1.1,3.1,0.353,1.4,2.4,0.583,0.553,0.8,1.0,0.784,1.3,3.4,4.6,1.0,0.5,1.1,0.8,2.0,6.8,5.68
375,285,knoxke01,2018,Kevin Knox,PF,19,NYK,75,57,28.8,4.5,12.2,0.37,1.7,4.9,0.343,2.8,7.3,0.387,0.438,2.2,3.0,0.717,0.8,3.7,4.5,1.1,0.6,0.3,1.5,2.3,12.8,4.94
376,286,korkmfu01,2018,Furkan Korkmaz,SG,21,PHI,48,7,14.1,2.0,5.1,0.4,1.0,3.0,0.326,1.1,2.1,0.505,0.496,0.8,0.9,0.818,0.3,1.9,2.2,1.1,0.6,0.0,0.5,1.3,5.8,3.35
377,287,kornelu01,2018,Luke Kornet,PF,23,NYK,46,18,17.0,2.3,6.2,0.378,1.5,4.2,0.363,0.8,2.0,0.411,0.502,0.8,1.0,0.826,0.6,2.3,2.9,1.2,0.6,0.9,0.5,0.9,7.0,4.61
380,288,korveky01,2018,Kyle Korver,SG,37,UTA,54,0,20.1,3.1,7.5,0.408,2.1,5.4,0.384,1.0,2.1,0.469,0.547,0.9,1.1,0.825,0.2,2.3,2.5,1.2,0.4,0.2,0.8,1.6,9.1,5.25
382,290,kurucro01,2018,Rodions Kurucs,SF,20,BRK,63,46,20.5,3.2,7.1,0.45,0.9,2.9,0.315,2.3,4.2,0.543,0.514,1.1,1.5,0.783,0.9,3.0,3.9,0.8,0.7,0.4,1.2,2.3,8.5,4.96
383,291,kuzmaky01,2018,Kyle Kuzma,PF,23,LAL,70,68,33.1,7.1,15.5,0.456,1.8,6.0,0.303,5.3,9.5,0.553,0.515,2.7,3.6,0.752,0.9,4.6,5.5,2.5,0.6,0.4,1.9,2.4,18.7,9.89
387,293,lambje01,2018,Jeremy Lamb,SG,26,CHO,79,55,28.5,5.5,12.4,0.44,1.5,4.2,0.348,4.0,8.2,0.487,0.499,2.9,3.3,0.888,0.8,4.7,5.5,2.2,1.1,0.4,1.0,1.8,15.3,8.44
388,294,lavinza01,2018,Zach LaVine,SG,23,CHI,63,62,34.5,8.4,18.0,0.467,1.9,5.1,0.374,6.5,12.9,0.504,0.52,5.0,6.0,0.832,0.6,4.0,4.7,4.5,1.0,0.4,3.4,2.2,23.7,11.39
389,295,laymaja01,2018,Jake Layman,SF,24,POR,71,33,18.7,3.0,6.0,0.509,0.8,2.5,0.326,2.2,3.4,0.646,0.579,0.7,1.0,0.704,0.8,2.3,3.1,0.7,0.4,0.4,0.6,1.6,7.6,5.29
390,296,leaftj01,2018,T.J. Leaf,PF,21,IND,58,1,9.0,1.7,3.2,0.541,0.1,0.5,0.258,1.6,2.6,0.599,0.563,0.3,0.5,0.613,0.7,1.4,2.2,0.4,0.2,0.3,0.2,0.6,3.9,3.04
396,300,lenal01,2018,Alex Len,C,25,ATL,77,31,20.1,4.2,8.4,0.494,1.0,2.6,0.363,3.2,5.8,0.554,0.551,1.8,2.8,0.648,2.1,3.5,5.5,1.1,0.4,0.9,1.3,2.6,11.1,7.67
397,301,leonaka01,2018,Kawhi Leonard,SF,27,TOR,60,60,34.0,9.3,18.8,0.496,1.9,5.0,0.371,7.5,13.8,0.542,0.546,6.1,7.1,0.854,1.3,6.0,7.3,3.3,1.8,0.4,2.0,1.5,26.6,13.98
398,302,leoname01,2018,Meyers Leonard,C,26,POR,61,2,14.4,2.2,4.0,0.545,0.8,1.8,0.45,1.3,2.1,0.626,0.649,0.7,0.8,0.843,0.8,3.0,3.8,1.2,0.2,0.1,0.7,1.7,5.9,4.83
401,305,lillada01,2018,Damian Lillard,PG,28,POR,80,80,35.5,8.5,19.2,0.444,3.0,8.0,0.369,5.6,11.1,0.499,0.522,5.9,6.4,0.912,0.9,3.8,4.6,6.9,1.1,0.4,2.7,1.9,25.8,14.64
403,306,linje01,2018,Jeremy Lin,PG,30,ATL,51,1,19.7,3.5,7.6,0.466,0.9,2.6,0.333,2.7,5.0,0.535,0.523,2.8,3.3,0.845,0.3,2.0,2.3,3.5,0.7,0.1,1.9,1.9,10.7,5.93
405,307,livinsh01,2018,Shaun Livingston,PG,33,GSW,64,0,15.1,1.7,3.3,0.519,0.0,0.0,0.0,1.7,3.3,0.524,0.519,0.6,0.8,0.784,0.7,1.2,1.8,1.8,0.5,0.4,0.6,1.2,4.0,3.72
407,309,looneke01,2018,Kevon Looney,C,22,GSW,80,24,18.5,2.7,4.3,0.625,0.0,0.1,0.1,2.7,4.2,0.641,0.627,0.8,1.3,0.619,2.4,2.8,5.2,1.5,0.6,0.7,0.6,2.6,6.3,7.19
408,310,lopezbr01,2018,Brook Lopez,C,30,MIL,81,81,28.7,4.4,9.7,0.452,2.3,6.3,0.365,2.1,3.4,0.613,0.571,1.4,1.6,0.842,0.4,4.5,4.9,1.2,0.6,2.2,1.0,2.3,12.5,8.85
409,311,lopezro01,2018,Robin Lopez,C,30,CHI,74,36,21.7,4.1,7.2,0.568,0.1,0.4,0.226,4.0,6.8,0.589,0.575,1.2,1.7,0.724,1.9,2.0,3.9,1.2,0.1,1.1,1.3,1.7,9.5,7.26
411,313,lowryky01,2018,Kyle Lowry,PG,32,TOR,65,65,34.0,4.7,11.4,0.411,2.4,7.0,0.347,2.3,4.4,0.514,0.518,2.5,3.0,0.83,0.6,4.2,4.8,8.7,1.4,0.5,2.8,2.6,14.2,11.0
418,318,lylestr01,2018,Trey Lyles,PF,23,DEN,64,2,17.5,3.2,7.7,0.418,0.8,3.1,0.255,2.4,4.6,0.529,0.47,1.3,1.8,0.698,0.7,3.2,3.8,1.4,0.5,0.4,1.1,1.5,8.5,4.4
421,320,macksh01,2018,Shelvin Mack,PG,28,MEM,53,3,22.7,3.0,7.3,0.414,0.9,2.4,0.359,2.2,4.9,0.441,0.473,1.0,1.4,0.707,0.3,1.6,1.9,3.4,0.8,0.1,1.2,1.5,7.9,5.09
432,326,markkla01,2018,Lauri Markkanen,PF,21,CHI,52,51,32.3,6.6,15.3,0.43,2.3,6.4,0.361,4.3,8.9,0.479,0.506,3.3,3.8,0.872,1.4,7.6,9.0,1.4,0.7,0.6,1.6,2.3,18.7,9.49
437,330,matthwe02,2018,Wesley Matthews,SF,32,DAL,44,44,29.8,4.4,10.7,0.414,2.3,6.0,0.38,2.1,4.7,0.456,0.52,2.0,2.5,0.791,0.5,1.9,2.3,2.3,0.8,0.3,1.3,2.3,13.1,7.36
445,334,mccolcj01,2018,CJ McCollum,SG,27,POR,70,70,33.9,8.2,17.8,0.459,2.4,6.4,0.375,5.8,11.4,0.506,0.527,2.3,2.7,0.828,0.9,3.1,4.0,3.0,0.8,0.4,1.5,2.5,21.0,12.33
446,335,mccontj01,2018,T.J. McConnell,PG,26,PHI,76,3,19.3,2.9,5.5,0.525,0.2,0.6,0.333,2.7,5.0,0.546,0.542,0.4,0.5,0.784,0.4,1.9,2.3,3.4,1.0,0.2,1.2,1.4,6.4,5.51
447,336,mcderdo01,2018,Doug McDermott,SF,27,IND,77,1,17.4,2.7,5.5,0.491,1.1,2.7,0.408,1.6,2.8,0.569,0.59,0.9,1.0,0.835,0.2,1.2,1.4,0.9,0.2,0.1,0.5,1.4,7.3,4.67
448,337,mcgeeja01,2018,JaVale McGee,C,31,LAL,75,62,22.3,5.3,8.5,0.624,0.0,0.2,0.083,5.3,8.4,0.634,0.625,1.3,2.0,0.632,2.6,4.9,7.5,0.7,0.6,2.0,1.4,2.8,12.0,10.28
449,338,mcgruro01,2018,Rodney McGruder,SG,27,MIA,66,45,23.5,2.8,7.0,0.403,1.2,3.4,0.351,1.6,3.6,0.453,0.489,0.8,1.1,0.722,0.9,2.7,3.6,1.7,0.5,0.2,1.0,1.7,7.6,4.7
450,339,mckinal01,2018,Alfonzo McKinnie,SF,26,GSW,72,5,13.9,1.9,3.8,0.487,0.6,1.6,0.356,1.3,2.2,0.586,0.564,0.4,0.7,0.563,1.1,2.3,3.4,0.4,0.3,0.2,0.4,1.9,4.7,3.91
455,344,meltode01,2018,De'Anthony Melton,PG,20,PHO,50,31,19.7,2.0,5.1,0.391,0.6,1.9,0.305,1.4,3.2,0.441,0.447,0.4,0.6,0.75,0.5,2.2,2.7,3.2,1.4,0.5,1.5,2.3,5.0,4.19
457,346,middlkh01,2018,Khris Middleton,SF,27,MIL,77,77,31.1,6.6,14.9,0.441,2.3,6.2,0.378,4.2,8.8,0.485,0.519,2.8,3.4,0.837,0.6,5.3,6.0,4.3,1.0,0.1,2.3,2.2,18.3,10.11
461,348,milleda01,2018,Darius Miller,SF,28,NOP,69,15,25.5,2.7,7.0,0.39,1.9,5.3,0.365,0.8,1.7,0.467,0.528,0.8,1.0,0.789,0.2,1.7,1.9,2.1,0.6,0.3,0.9,2.4,8.2,5.54
463,350,millspa02,2018,Patty Mills,PG,30,SAS,82,1,23.3,3.4,8.1,0.425,1.9,4.9,0.394,1.5,3.2,0.475,0.545,1.1,1.3,0.854,0.3,1.9,2.2,3.0,0.6,0.1,1.1,1.6,9.9,6.55
464,351,millspa01,2018,Paul Millsap,PF,33,DEN,70,65,27.1,4.6,9.5,0.484,0.8,2.3,0.365,3.8,7.2,0.522,0.528,2.6,3.6,0.727,2.2,5.0,7.2,2.0,1.2,0.8,1.4,2.6,12.6,8.45
469,354,mitchdo01,2018,Donovan Mitchell,SG,22,UTA,77,77,33.7,8.6,19.9,0.432,2.4,6.7,0.362,6.1,13.1,0.468,0.493,4.1,5.1,0.806,0.8,3.3,4.1,4.2,1.4,0.4,2.8,2.7,23.8,11.69
471,356,monkma01,2018,Malik Monk,SG,20,CHO,73,0,17.2,3.1,8.0,0.387,1.5,4.5,0.33,1.6,3.5,0.461,0.48,1.2,1.4,0.882,0.2,1.7,1.9,1.6,0.5,0.3,1.2,1.5,8.9,4.37
476,358,mooreet01,2018,E'Twaun Moore,SG,29,NOP,53,36,27.6,4.8,10.0,0.481,1.4,3.3,0.432,3.4,6.7,0.506,0.553,0.8,1.1,0.763,0.7,1.7,2.4,1.9,0.8,0.2,1.1,2.1,11.9,7.76
481,361,morrima03,2018,Marcus Morris,PF,29,BOS,75,53,27.9,5.0,11.3,0.447,1.9,5.2,0.375,3.1,6.1,0.508,0.533,1.9,2.3,0.844,1.0,5.1,6.1,1.5,0.6,0.3,1.2,2.4,13.9,8.03
485,363,morrimo01,2018,Monte Morris,PG,23,DEN,82,6,24.0,4.2,8.6,0.493,1.1,2.8,0.414,3.1,5.8,0.531,0.56,0.8,1.0,0.802,0.4,1.9,2.4,3.6,0.9,0.0,0.6,1.2,10.4,8.02
488,366,mudiaem01,2018,Emmanuel Mudiay,PG,22,NYK,59,42,27.2,5.6,12.5,0.446,1.2,3.6,0.329,4.4,9.0,0.492,0.493,2.4,3.2,0.774,0.6,2.8,3.3,3.9,0.7,0.3,2.4,1.7,14.8,7.69
489,367,murraja01,2018,Jamal Murray,PG,21,DEN,75,74,32.6,6.8,15.6,0.437,2.0,5.5,0.367,4.8,10.1,0.476,0.502,2.5,3.0,0.848,0.9,3.4,4.2,4.8,0.9,0.4,2.1,2.0,18.2,10.77
492,369,muscami01,2018,Mike Muscala,PF,27,PHI,47,6,22.1,2.3,5.9,0.392,1.4,4.2,0.342,0.9,1.7,0.519,0.514,1.3,1.6,0.818,1.1,3.2,4.3,1.3,0.4,0.6,0.9,2.4,7.4,5.19
497,371,naderab01,2018,Abdel Nader,SF,25,OKC,61,1,11.4,1.5,3.5,0.423,0.5,1.6,0.32,1.0,1.9,0.513,0.498,0.4,0.6,0.75,0.2,1.7,1.9,0.3,0.3,0.2,0.4,1.1,4.0,2.28
498,372,nancela02,2018,Larry Nance Jr.,C,26,CLE,67,30,26.8,3.7,7.1,0.52,0.5,1.5,0.337,3.2,5.7,0.567,0.554,1.4,2.0,0.716,2.5,5.7,8.2,3.2,1.5,0.6,1.4,2.9,9.4,8.72
499,373,napiesh01,2018,Shabazz Napier,PG,27,BRK,56,2,17.6,3.0,7.8,0.389,1.4,4.1,0.333,1.7,3.7,0.449,0.476,2.1,2.5,0.833,0.3,1.5,1.8,2.6,0.7,0.3,1.2,1.2,9.4,4.82
501,375,niangge01,2018,Georges Niang,PF,25,UTA,59,0,8.7,1.5,3.1,0.475,0.7,1.8,0.41,0.7,1.3,0.566,0.594,0.3,0.4,0.833,0.2,1.3,1.5,0.6,0.2,0.1,0.4,1.0,4.0,2.78
503,377,noelne01,2018,Nerlens Noel,C,24,OKC,77,2,13.7,2.1,3.6,0.587,0.0,0.0,0.0,2.1,3.6,0.587,0.587,0.7,1.0,0.684,1.6,2.6,4.2,0.6,0.9,1.2,0.6,2.2,4.9,5.2
504,378,nowitdi01,2018,Dirk Nowitzki,PF,40,DAL,51,20,15.6,2.6,7.4,0.359,1.3,4.0,0.312,1.4,3.4,0.415,0.444,0.8,1.0,0.78,0.1,3.0,3.1,0.7,0.2,0.4,0.4,1.5,7.3,3.48
509,381,nurkiju01,2018,Jusuf Nurki?,C,24,POR,72,72,27.4,5.8,11.5,0.508,0.0,0.4,0.103,5.8,11.1,0.523,0.51,3.9,5.1,0.773,3.4,7.0,10.4,3.2,1.0,1.4,2.3,3.5,15.6,10.97
510,382,nwabada01,2018,David Nwaba,SF,26,CLE,51,14,19.3,2.5,5.1,0.481,0.5,1.5,0.32,2.0,3.7,0.545,0.527,1.1,1.7,0.682,0.8,2.4,3.2,1.1,0.7,0.3,0.6,2.1,6.5,4.59
511,383,onealro01,2018,Royce O'Neale,SF,25,UTA,82,16,20.4,2.0,4.2,0.475,0.8,2.1,0.386,1.2,2.0,0.569,0.574,0.4,0.5,0.762,0.3,3.2,3.5,1.5,0.7,0.3,0.9,2.1,5.2,4.11
512,384,oquinky01,2018,Kyle O'Quinn,C,28,IND,45,3,8.2,1.5,3.0,0.507,0.0,0.3,0.083,1.5,2.8,0.548,0.511,0.4,0.5,0.81,0.6,2.0,2.6,1.2,0.2,0.6,0.7,1.5,3.5,3.22
513,385,ojelese01,2018,Semi Ojeleye,PF,24,BOS,56,3,10.6,1.2,2.8,0.424,0.5,1.6,0.315,0.7,1.2,0.565,0.513,0.4,0.7,0.615,0.4,1.1,1.5,0.4,0.2,0.1,0.3,0.8,3.3,2.03
514,386,okafoja01,2018,Jahlil Okafor,C,23,NOP,59,24,15.8,3.6,6.1,0.586,0.0,0.1,0.2,3.6,6.1,0.591,0.587,1.0,1.5,0.663,1.4,3.3,4.7,0.7,0.3,0.7,0.9,1.6,8.2,6.07
515,387,okoboel01,2018,Elie Okobo,PG,21,PHO,53,16,18.1,2.2,5.5,0.393,0.7,2.5,0.295,1.4,3.0,0.475,0.46,0.7,0.9,0.787,0.2,1.6,1.8,2.4,0.6,0.1,1.3,2.1,5.7,3.52
516,388,okogijo01,2018,Josh Okogie,SG,20,MIN,74,52,23.7,2.6,6.9,0.386,0.8,2.9,0.279,1.8,4.0,0.464,0.445,1.6,2.2,0.728,0.6,2.4,2.9,1.2,1.2,0.4,0.9,2.2,7.7,3.91
518,390,olynyke01,2018,Kelly Olynyk,PF,27,MIA,79,36,22.9,3.3,7.1,0.463,1.4,4.0,0.354,1.9,3.1,0.604,0.563,1.9,2.3,0.822,0.9,3.8,4.7,1.8,0.7,0.5,1.4,2.3,10.0,6.43
519,391,osmande01,2018,Cedi Osman,SF,23,CLE,76,75,32.2,4.7,11.1,0.427,1.7,4.9,0.348,3.0,6.2,0.489,0.504,1.9,2.4,0.779,0.6,4.1,4.7,2.6,0.8,0.1,1.5,2.6,13.0,7.24
523,393,pachuza01,2018,Zaza Pachulia,C,34,DET,68,3,12.9,1.3,2.8,0.44,0.0,0.1,0.0,1.3,2.8,0.45,0.44,1.4,1.8,0.782,1.5,2.4,3.9,1.3,0.5,0.3,0.8,2.2,3.9,3.43
527,395,parketo01,2018,Tony Parker,PG,36,CHO,56,0,17.9,3.8,8.3,0.46,0.2,0.9,0.255,3.6,7.4,0.485,0.474,1.6,2.2,0.734,0.3,1.2,1.5,3.7,0.4,0.1,1.3,0.9,9.5,5.62
529,397,pattepa01,2018,Patrick Patterson,PF,29,OKC,63,5,13.7,1.3,3.5,0.374,0.7,2.2,0.336,0.6,1.3,0.439,0.479,0.3,0.5,0.633,0.7,1.7,2.3,0.5,0.3,0.2,0.3,0.7,3.6,2.31
531,399,paulch01,2018,Chris Paul,PG,33,HOU,58,58,32.0,5.2,12.4,0.419,2.2,6.1,0.358,3.0,6.3,0.479,0.508,3.0,3.5,0.862,0.6,3.9,4.6,8.2,2.0,0.3,2.6,2.5,15.6,11.17
538,404,plumlma01,2018,Mason Plumlee,C,28,DEN,82,17,21.1,3.2,5.4,0.593,0.0,0.1,0.2,3.2,5.3,0.602,0.595,1.4,2.4,0.561,2.0,4.4,6.4,3.0,0.8,0.9,1.5,3.1,7.8,7.65
540,406,poeltja01,2018,Jakob Poeltl,C,23,SAS,77,24,16.5,2.4,3.8,0.645,0.0,0.0,0.0,2.4,3.8,0.645,0.645,0.6,1.2,0.533,2.3,3.0,5.3,1.2,0.4,0.9,0.6,1.6,5.5,6.2
541,407,pondequ01,2018,Quincy Pondexter,SF,30,SAS,53,0,5.5,0.5,1.1,0.5,0.1,0.3,0.333,0.4,0.8,0.575,0.552,0.6,0.8,0.81,0.2,0.7,0.9,0.5,0.2,0.0,0.2,0.5,1.8,1.16
548,410,poweldw01,2018,Dwight Powell,C,27,DAL,77,22,21.6,3.8,6.3,0.597,0.5,1.6,0.307,3.3,4.7,0.699,0.637,2.5,3.3,0.772,1.8,3.5,5.3,1.5,0.6,0.6,0.9,2.6,10.6,8.26
549,411,powelno01,2018,Norman Powell,SG,25,TOR,60,3,18.8,3.2,6.7,0.483,1.1,2.8,0.4,2.1,3.8,0.543,0.568,1.0,1.3,0.827,0.3,2.1,2.3,1.5,0.7,0.2,1.1,1.6,8.6,5.21
551,413,princta02,2018,Taurean Prince,SF,24,ATL,55,47,28.2,4.8,10.8,0.441,2.2,5.7,0.39,2.5,5.1,0.498,0.545,1.7,2.1,0.819,0.4,3.2,3.6,2.1,1.0,0.3,1.8,2.6,13.5,7.54
553,415,rabbiv01,2018,Ivan Rabb,PF,21,MEM,49,13,14.7,2.4,4.3,0.547,0.1,0.3,0.2,2.3,4.0,0.574,0.554,1.0,1.4,0.71,1.4,2.8,4.2,1.1,0.3,0.3,0.7,1.8,5.8,4.77
554,416,randlch01,2018,Chasson Randle,PG,25,WAS,49,2,15.2,1.9,4.4,0.419,0.9,2.3,0.4,0.9,2.1,0.441,0.525,0.9,1.3,0.694,0.2,0.9,1.1,2.0,0.5,0.1,0.9,1.9,5.5,3.77
555,417,randlju01,2018,Julius Randle,PF,24,NOP,73,49,30.6,7.8,14.9,0.524,0.9,2.7,0.344,6.9,12.2,0.564,0.555,4.9,6.7,0.731,2.2,6.5,8.7,3.1,0.7,0.6,2.8,3.4,21.4,12.14
556,418,redicjj01,2018,J.J. Redick,SG,34,PHI,76,63,31.3,5.9,13.5,0.44,3.2,8.0,0.397,2.8,5.6,0.502,0.557,3.0,3.4,0.894,0.3,2.2,2.4,2.7,0.4,0.2,1.3,1.7,18.1,10.07
559,421,richajo01,2018,Josh Richardson,SG,25,MIA,73,73,34.8,5.8,14.1,0.412,2.2,6.3,0.357,3.5,7.8,0.458,0.492,2.7,3.2,0.861,0.7,2.9,3.6,4.1,1.1,0.5,1.5,2.7,16.6,9.98
563,423,riverau01,2018,Austin Rivers,SG,26,HOU,47,13,28.6,3.3,8.0,0.413,1.5,4.7,0.321,1.8,3.3,0.541,0.507,0.5,1.0,0.51,0.3,1.6,1.9,2.3,0.6,0.3,0.7,2.9,8.7,6.31
566,426,robingl02,2018,Glenn Robinson III,SF,25,DET,47,18,13.0,1.6,3.7,0.42,0.4,1.3,0.29,1.2,2.4,0.491,0.472,0.7,0.9,0.8,0.4,1.1,1.5,0.4,0.3,0.2,0.4,1.0,4.2,2.31
568,428,robinmi01,2018,Mitchell Robinson,C,20,NYK,66,19,20.6,3.1,4.4,0.694,0.0,0.0,0.0,3.1,4.4,0.694,0.694,1.2,2.0,0.6,2.7,3.7,6.4,0.6,0.8,2.4,0.5,3.3,7.3,8.99
569,429,rondora01,2018,Rajon Rondo,PG,32,LAL,46,29,29.8,3.8,9.4,0.405,1.1,3.1,0.359,2.7,6.3,0.428,0.464,0.5,0.8,0.639,0.7,4.5,5.3,8.0,1.2,0.2,2.8,2.2,9.2,7.93
570,430,rosede01,2018,Derrick Rose,PG,30,MIN,51,13,27.3,7.1,14.8,0.482,1.1,2.9,0.37,6.1,11.9,0.509,0.518,2.7,3.1,0.856,0.6,2.1,2.7,4.3,0.6,0.2,1.6,1.1,18.0,10.57
571,431,rosste01,2018,Terrence Ross,SG,27,ORL,81,0,26.5,5.4,12.7,0.428,2.7,7.0,0.383,2.8,5.7,0.484,0.534,1.6,1.8,0.875,0.3,3.1,3.5,1.7,0.9,0.4,1.1,1.5,15.1,8.19
572,432,roziete01,2018,Terry Rozier,PG,24,BOS,79,14,22.7,3.3,8.4,0.387,1.5,4.3,0.353,1.8,4.2,0.422,0.477,0.9,1.2,0.785,0.4,3.5,3.9,2.9,0.9,0.3,0.9,1.3,9.0,5.74
573,433,rubiori01,2018,Ricky Rubio,PG,28,UTA,68,67,27.9,4.3,10.7,0.404,1.2,3.7,0.311,3.2,7.0,0.454,0.458,2.9,3.4,0.855,0.5,3.1,3.6,6.1,1.3,0.1,2.6,2.6,12.7,7.54
574,434,russeda01,2018,D'Angelo Russell,PG,22,BRK,81,81,30.2,8.1,18.7,0.434,2.9,7.8,0.369,5.2,10.9,0.482,0.512,2.0,2.5,0.78,0.7,3.2,3.9,7.0,1.2,0.2,3.1,1.7,21.1,12.56
575,435,sabondo01,2018,Domantas Sabonis,C,22,IND,74,5,24.8,5.6,9.5,0.59,0.1,0.2,0.529,5.5,9.2,0.592,0.596,2.8,3.9,0.715,2.5,6.8,9.3,2.9,0.6,0.4,2.2,3.2,14.1,10.15
580,438,saricda01,2018,Dario Šari?,PF,24,MIN,68,28,23.9,3.8,8.3,0.454,1.4,3.7,0.383,2.3,4.6,0.511,0.54,1.5,1.8,0.875,1.5,3.9,5.5,1.5,0.6,0.1,1.1,2.1,10.5,6.8
581,439,satorto01,2018,Tomáš Satoranský,PG,27,WAS,80,54,27.1,3.2,6.6,0.485,0.8,2.0,0.395,2.4,4.6,0.524,0.545,1.6,2.0,0.819,1.0,2.5,3.5,5.0,1.0,0.2,1.5,2.2,8.9,7.84
582,440,schrode01,2018,Dennis Schröder,PG,25,OKC,79,14,29.3,5.8,14.0,0.414,1.6,4.6,0.341,4.2,9.4,0.45,0.47,2.4,2.9,0.819,0.5,3.1,3.6,4.1,0.8,0.2,2.2,2.4,15.5,8.02
584,441,scottmi01,2018,Mike Scott,PF,30,LAC,52,0,14.4,1.8,4.4,0.4,1.0,2.6,0.391,0.8,1.9,0.412,0.513,0.2,0.3,0.667,0.5,2.9,3.3,0.8,0.3,0.2,0.5,1.7,4.8,3.47
586,442,sefolth01,2018,Thabo Sefolosha,SF,34,UTA,50,2,12.2,1.4,3.0,0.477,0.7,1.6,0.436,0.7,1.4,0.521,0.591,0.3,0.4,0.636,0.2,2.3,2.5,0.5,0.9,0.1,0.5,0.8,3.8,2.36
590,444,sextoco01,2018,Collin Sexton,PG,20,CLE,82,72,31.8,6.3,14.7,0.43,1.5,3.6,0.402,4.9,11.1,0.44,0.48,2.6,3.1,0.839,0.7,2.2,2.9,3.0,0.5,0.1,2.3,2.3,16.7,7.93
592,445,shamela01,2018,Landry Shamet,SG,21,PHI,54,4,20.5,2.8,6.4,0.441,1.8,4.5,0.404,1.0,1.9,0.529,0.584,0.8,1.0,0.815,0.3,1.2,1.4,1.1,0.4,0.1,0.5,2.0,8.3,5.57
597,447,siakapa01,2018,Pascal Siakam,PF,24,TOR,80,79,31.9,6.5,11.8,0.549,1.0,2.7,0.369,5.5,9.1,0.602,0.591,3.0,3.8,0.785,1.6,5.3,6.9,3.1,0.9,0.7,1.9,3.0,16.9,11.6
599,449,simmobe01,2018,Ben Simmons,PG,22,PHI,79,79,34.2,6.8,12.2,0.563,0.0,0.1,0.0,6.8,12.1,0.566,0.563,3.3,5.4,0.6,2.2,6.6,8.8,7.7,1.4,0.8,3.5,2.6,16.9,12.63
605,453,smartma01,2018,Marcus Smart,SG,24,BOS,80,60,27.5,3.0,7.1,0.422,1.6,4.3,0.364,1.4,2.8,0.511,0.533,1.3,1.6,0.806,0.7,2.2,2.9,4.0,1.8,0.4,1.5,2.5,8.9,7.04
609,455,smithis01,2018,Ish Smith,PG,30,DET,56,0,22.3,3.7,8.7,0.419,0.8,2.4,0.326,2.9,6.3,0.455,0.464,0.8,1.1,0.758,0.4,2.2,2.6,3.6,0.5,0.2,1.1,1.9,8.9,6.13
616,459,snellto01,2018,Tony Snell,SF,27,MIL,74,12,17.6,2.2,4.9,0.452,1.1,2.8,0.397,1.1,2.1,0.522,0.564,0.5,0.6,0.881,0.4,1.7,2.1,0.9,0.4,0.2,0.3,1.2,6.0,4.24
620,461,spellom01,2018,Omari Spellman,PF,21,ATL,46,11,17.5,2.1,5.3,0.402,1.0,2.8,0.344,1.2,2.5,0.466,0.492,0.7,1.0,0.711,1.6,2.7,4.2,1.0,0.6,0.5,0.7,1.5,5.9,4.42
622,462,stausni01,2018,Nik Stauskas,SG,25,POR,44,0,15.3,2.2,5.2,0.419,1.0,2.8,0.344,1.2,2.4,0.51,0.513,0.7,0.8,0.889,0.2,1.6,1.8,1.4,0.3,0.1,0.9,0.7,6.1,3.31
625,464,stephla01,2018,Lance Stephenson,SG,28,LAL,68,3,16.5,2.7,6.4,0.426,1.1,2.9,0.371,1.6,3.5,0.472,0.51,0.7,1.1,0.685,0.5,2.7,3.2,2.1,0.6,0.1,1.3,1.6,7.2,4.31
630,467,tatumja01,2018,Jayson Tatum,SF,20,BOS,79,79,31.1,5.9,13.1,0.45,1.5,3.9,0.373,4.4,9.2,0.483,0.506,2.5,2.9,0.855,0.9,5.2,6.0,2.1,1.1,0.7,1.5,2.1,15.7,8.66
633,469,templga01,2018,Garrett Temple,SG,32,MEM,49,49,31.2,3.4,7.9,0.429,1.5,4.3,0.352,1.9,3.6,0.52,0.525,1.2,1.6,0.75,0.4,2.7,3.1,1.4,1.0,0.5,1.1,2.7,9.4,5.7
640,473,theisda01,2018,Daniel Theis,C,26,BOS,66,2,13.8,2.2,4.0,0.549,0.4,1.0,0.388,1.8,3.0,0.603,0.598,0.8,1.2,0.737,1.3,2.1,3.4,1.0,0.3,0.6,0.5,2.4,5.7,5.47
643,476,thomala01,2018,Lance Thomas,PF,30,NYK,46,17,17.0,1.7,4.3,0.396,0.5,1.7,0.278,1.2,2.6,0.475,0.452,0.6,0.8,0.75,0.5,2.1,2.5,0.6,0.4,0.2,0.5,1.8,4.5,2.74
644,477,thompkl01,2018,Klay Thompson,SG,28,GSW,78,78,34.0,8.4,18.0,0.467,3.1,7.7,0.402,5.3,10.3,0.516,0.553,1.7,2.0,0.816,0.5,3.4,3.8,2.4,1.1,0.6,1.5,2.0,21.5,12.53
646,479,thornsi01,2018,Sindarius Thornwell,SG,24,LAC,64,1,4.9,0.3,0.8,0.347,0.0,0.2,0.2,0.2,0.5,0.412,0.378,0.4,0.5,0.735,0.1,0.6,0.7,0.3,0.2,0.1,0.3,0.6,1.0,0.49
647,480,tollian01,2018,Anthony Tolliver,PF,33,MIN,65,0,16.6,1.5,4.0,0.382,1.2,3.3,0.377,0.3,0.7,0.409,0.539,0.7,0.9,0.783,0.2,2.5,2.7,0.7,0.3,0.3,0.6,1.4,5.0,2.96
648,481,townska01,2018,Karl-Anthony Towns,C,23,MIN,77,77,33.1,8.8,17.1,0.518,1.8,4.6,0.4,7.0,12.5,0.562,0.572,4.9,5.8,0.836,3.4,9.0,12.4,3.4,0.9,1.6,3.1,3.8,24.4,15.97
650,483,trieral01,2018,Allonzo Trier,SG,23,NYK,64,3,22.8,3.6,8.1,0.448,0.8,2.1,0.394,2.8,6.0,0.466,0.498,2.8,3.5,0.803,0.5,2.6,3.1,1.9,0.4,0.2,1.8,1.8,10.9,4.89
651,484,tuckepj01,2018,P.J. Tucker,PF,33,HOU,82,82,34.2,2.5,6.4,0.396,1.8,4.7,0.377,0.7,1.7,0.449,0.535,0.5,0.7,0.695,1.5,4.4,5.8,1.2,1.6,0.5,0.8,3.1,7.3,6.02
652,485,turneev01,2018,Evan Turner,PG,30,POR,73,2,22.0,2.8,6.1,0.46,0.2,0.7,0.212,2.6,5.4,0.494,0.473,1.0,1.5,0.708,0.5,4.0,4.5,3.9,0.5,0.2,1.6,1.5,6.8,4.87
653,486,turnemy01,2018,Myles Turner,C,22,IND,74,74,28.6,5.1,10.5,0.487,1.0,2.6,0.388,4.1,7.9,0.521,0.536,2.0,2.7,0.736,1.4,5.8,7.2,1.6,0.8,2.7,1.4,2.6,13.3,9.74
654,487,udohek01,2018,Ekpe Udoh,C,31,UTA,51,1,6.3,1.0,1.4,0.694,0.0,0.0,0.0,1.0,1.4,0.694,0.694,0.4,0.6,0.633,0.5,1.2,1.8,0.5,0.2,0.6,0.3,0.7,2.3,2.42
660,491,vanvlfr01,2018,Fred VanVleet,PG,24,TOR,64,28,27.5,3.8,9.4,0.41,1.8,4.6,0.378,2.1,4.8,0.441,0.503,1.5,1.8,0.843,0.3,2.3,2.6,4.8,0.9,0.3,1.3,1.7,11.0,7.78
661,492,vonleno01,2018,Noah Vonleh,PF,23,NYK,68,57,25.3,3.0,6.5,0.47,0.7,2.0,0.336,2.4,4.5,0.531,0.523,1.6,2.3,0.712,1.7,6.1,7.8,1.9,0.7,0.8,1.3,2.6,8.4,6.31
662,493,vucevni01,2018,Nikola Vu?evi?,C,28,ORL,80,80,31.4,8.8,16.9,0.518,1.1,2.9,0.364,7.7,14.0,0.549,0.549,2.2,2.8,0.789,2.8,9.2,12.0,3.8,1.0,1.1,2.0,2.0,20.8,14.68
663,494,wadedw01,2018,Dwyane Wade,SG,37,MIA,72,2,26.2,5.8,13.3,0.433,1.2,3.6,0.33,4.6,9.7,0.472,0.478,2.3,3.2,0.708,1.0,3.0,4.0,4.2,0.8,0.5,2.3,1.6,15.0,8.14
665,496,waitedi01,2018,Dion Waiters,SG,27,MIA,44,28,25.9,4.5,10.9,0.414,2.5,6.6,0.377,2.0,4.3,0.471,0.528,0.5,1.0,0.5,0.2,2.5,2.6,2.8,0.7,0.2,1.5,1.6,12.0,6.95
666,497,walkeke02,2018,Kemba Walker,PG,28,CHO,82,82,34.9,8.9,20.5,0.434,3.2,8.9,0.356,5.7,11.6,0.494,0.511,4.6,5.5,0.844,0.6,3.8,4.4,5.9,1.2,0.4,2.6,1.6,25.6,13.64
669,500,wallaty01,2018,Tyrone Wallace,PG,24,LAC,62,0,10.1,1.5,3.5,0.424,0.1,0.3,0.211,1.4,3.2,0.444,0.433,0.5,0.9,0.526,0.3,1.3,1.6,0.7,0.3,0.1,0.6,1.3,3.5,1.78
675,506,westbru01,2018,Russell Westbrook,PG,30,OKC,73,73,36.0,8.6,20.2,0.428,1.6,5.6,0.29,7.0,14.5,0.481,0.468,4.1,6.2,0.656,1.5,9.6,11.1,10.7,1.9,0.5,4.5,3.4,22.9,13.83
676,507,whitede01,2018,Derrick White,PG,24,SAS,67,55,25.8,3.9,8.1,0.479,0.7,2.1,0.338,3.2,6.0,0.529,0.523,1.4,1.8,0.772,0.5,3.2,3.7,3.9,1.0,0.7,1.4,2.2,9.9,7.56
678,509,whiteha01,2018,Hassan Whiteside,C,29,MIA,72,53,23.3,5.4,9.4,0.571,0.0,0.2,0.125,5.4,9.2,0.581,0.572,1.5,3.4,0.449,3.6,7.8,11.3,0.8,0.6,1.9,1.3,2.7,12.3,10.11
679,510,wiggian01,2018,Andrew Wiggins,SF,23,MIN,73,73,34.8,6.8,16.6,0.412,1.6,4.8,0.339,5.2,11.8,0.441,0.461,2.8,4.1,0.699,1.1,3.7,4.8,2.5,1.0,0.7,1.9,2.1,18.1,8.39
683,514,willike04,2018,Kenrich Williams,SF,24,NOP,46,29,23.5,2.3,6.1,0.384,1.1,3.4,0.333,1.2,2.7,0.447,0.477,0.3,0.4,0.684,1.2,3.6,4.8,1.8,1.0,0.4,0.8,2.1,6.1,4.89
684,515,willilo02,2018,Lou Williams,SG,32,LAC,75,1,26.6,6.5,15.2,0.425,1.4,3.9,0.361,5.1,11.3,0.447,0.471,5.7,6.5,0.876,0.5,2.4,3.0,5.4,0.8,0.1,2.4,1.1,20.0,9.32
685,516,willima02,2018,Marvin Williams,PF,32,CHO,75,75,28.4,3.7,8.7,0.422,1.9,5.1,0.366,1.8,3.6,0.5,0.529,0.9,1.1,0.767,1.0,4.4,5.4,1.2,0.9,0.8,0.6,2.1,10.1,7.03
688,519,wilsodj01,2018,D.J. Wilson,PF,22,MIL,48,3,18.4,2.2,5.2,0.414,1.0,2.6,0.362,1.2,2.6,0.468,0.506,0.5,1.0,0.553,0.9,3.7,4.6,1.1,0.4,0.4,0.7,1.8,5.8,4.14
689,520,winslju01,2018,Justise Winslow,SF,22,MIA,66,52,29.7,4.9,11.3,0.433,1.5,3.9,0.375,3.5,7.5,0.462,0.497,1.3,2.1,0.628,1.0,4.4,5.4,4.3,1.1,0.3,2.2,2.7,12.6,8.09
694,522,wrighde01,2018,Delon Wright,PG,26,TOR,49,2,18.3,2.6,6.0,0.433,0.6,1.8,0.333,2.0,4.1,0.478,0.485,1.1,1.2,0.869,0.8,1.8,2.6,2.2,0.9,0.3,0.8,1.1,6.9,4.77
698,525,youngth01,2018,Thaddeus Young,PF,30,IND,81,81,30.7,5.5,10.4,0.527,0.6,1.8,0.349,4.8,8.6,0.564,0.557,1.1,1.7,0.644,2.4,4.1,6.5,2.5,1.5,0.4,1.5,2.4,12.6,9.57
699,526,youngtr01,2018,Trae Young,PG,20,ATL,81,81,30.9,6.5,15.5,0.418,1.9,6.0,0.324,4.6,9.6,0.477,0.48,4.2,5.1,0.829,0.8,2.9,3.7,8.1,0.9,0.2,3.8,1.7,19.1,10.38
700,527,zelleco01,2018,Cody Zeller,C,26,CHO,49,47,25.4,3.9,7.0,0.551,0.1,0.4,0.273,3.8,6.6,0.57,0.559,2.3,2.9,0.787,2.2,4.6,6.8,2.1,0.8,0.8,1.3,3.3,10.1,8.27
704,529,zizican01,2018,Ante Žiži?,C,22,CLE,59,25,18.3,3.1,5.6,0.553,0.0,0.0,0.0,3.1,5.6,0.553,0.553,1.6,2.2,0.705,1.8,3.6,5.4,0.9,0.2,0.4,1.0,1.9,7.8,5.53
